<?xml version="1.0" encoding="UTF-8" standalone="no"?>
<!--
@<COPYRIGHT>@
==================================================
Copyright 2021.
Siemens Product Lifecycle Management Software Inc.
All Rights Reserved.
==================================================
@<COPYRIGHT>@
--><ProjectInfo>
    <NameValue key="ExternalBuild.LinkCommand.linux" value="/opt/rh/devtoolset-7/root/usr/bin/g++"/>
    <NameValue key="SoaExternalBuild.RacClientOn" value="false"/>
    <NameValue key="ExternalBuild.CompileHome" value=""/>
    <NameValue key="ExternalBuild.LinkerFlags.linux" value="-shared"/>
    <NameValue key="ExternalBuild.TCInstallation" value=""/>
    <NameValue key="isAutoGeneratedDescriptions" value="true"/>
    <NameValue key="Codegen.Deprecation.NumberOfReleases" value="1"/>
    <NameValue key="ExternalBuild.LinkerFlags.aix" value="-qmkshrobj=0 -brtl -bnolibpath -bbigtoc -bh:5 -bnoentry -qpriority=1 -q64"/>
    <NameValue key="SoaExternalBuild.JavaLooseClientOn" value="true"/>
    <NameValue key="ExternalBuild.LinkCommand.solaris" value="/opt/developerstudio12.6/bin/CC"/>
    <NameValue key="SoaExternalBuild.NETWebtierFeatureUuid" value="163e45a1dcd94871b6a1825a948e0374"/>
    <NameValue key="ExternalBuild.LinkerFlags.solaris" value="-G -m64"/>
    <NameValue key="Windows.Platform.OS" value="Win64-bit"/>
    <NameValue key="ExternalBuild.CompilerFlags.solaris" value="-c -KPIC -mt -m64 -DSTEP -DAP203 -DAP214 -erroff=nonewline -DPOSIX -DUNX -DSUN -D_SOLARIS_SOURCE -DNO_DOT_H "/>
    <NameValue key="SoaExternalBuild.RacClientDependJars" value=""/>
    <NameValue key="ExternalBuild.LinkCommand.win64" value="link"/>
    <NameValue key="ExternalBuild.CompilerFlags.aix" value="-c -qcpluscmt -qrtti -qmaxmem=-1 -qalign=natural -qalias=noansi -qchars=signed -qtbtable=full -q64 -DSTEP -DAP203 -DAP214 -qnamemangling=v8 -D_XOPEN_SOURCE=500 -DPOSIX -DUNX -DAIX -DNO_DOT_H "/>
    <NameValue key="SoaExternalBuild.WSDLClientOn" value="true"/>
    <NameValue key="ExternalBuild.LinkCommand.aix" value="/usr/vacpp/bin/xlC_r"/>
    <NameValue key="ExternalBuild.CompileCommand.linux" value="/opt/rh/devtoolset-7/root/usr/bin/g++"/>
    <NameValue key="SoaExternalBuild.BundleVersion" value="14000.3.0"/>
    <NameValue key="ExternalBuild.CompileCommand.win64" value="cl"/>
    <NameValue key="SoaExternalBuild.NETMSBUILDLocation" value="C:\Program Files\Microsoft Visual Studio\2022\Community\MSBuild\Current\Bin\amd64"/>
    <NameValue key="Codegen.SrcDir" value="src\server"/>
    <NameValue key="Codegen.Folder.toggle" value="false"/>
    <NameValue key="SoaExternalBuild.CPPClientOn" value="true"/>
    <NameValue key="ExternalBuild.BasePath.win64" value="C:/Siemens/Teamcenter/bmide/workspace/mo4morelo"/>
    <NameValue key="SoaExternalBuild.JavaStrongClientOn" value="true"/>
    <NameValue key="ExternalBuild.CompilerFlags.win64" value="-MD -c -nologo -EHsc -FS -FI %TC_ROOT%/include/msvcpragmas.h -DSTEP -DAP203 -DAP214 -std:c++17 -D_SILENCE_CXX17_ITERATOR_BASE_CLASS_DEPRECATION_WARNING -DWIN32_LEAN_AND_MEAN -DWNT -D_WIN32_WINNT=0x0601 -DWINVER=0x0601 -DNTDDI_VERSION=0x06010000 -D_CRT_SECURE_NO_DEPRECATE -D_CRT_NONSTDC_NO_DEPRECATE -DWNT -D_WIN32 -DWIN32 -D_WIN64 -D_INTEL=1 -DCRTAPI1=_cdecl -DCRTAPI2=cdecl -DNO_DOT_H -W4"/>
    <NameValue key="Codegen.Namespace" value="mo4morelo"/>
    <NameValue key="ExternalBuild.CompileCommand.aix" value="/usr/vacpp/bin/xlC_r"/>
    <NameValue key="ExternalBuild.CompileCommand.solaris" value="/opt/developerstudio12.6/bin/CC"/>
    <NameValue key="ExternalBuild.LinkerFlags.win64" value="-dll -debug -nologo -nodefaultlib -incremental:no -subsystem:console -dynamicbase -nxcompat"/>
    <NameValue key="SoaExternalBuild.CPPManagedClientOn" value="true"/>
    <NameValue key="SoaExternalBuild.NETClientOn" value="true"/>
    <NameValue key="Codegen.Deprecation.policy" value="true"/>
    <NameValue key="Codegen.Copyright" value="Copyright $CURRENT_YEAR.&#10;Siemens Product Lifecycle Management Software Inc.&#10;All Rights Reserved."/>
    <NameValue key="SoaExternalBuild.SoaClientKitLocation" value=""/>
    <NameValue key="ExternalBuild.CompilerFlags.linux" value="-c -fPIC -m64 -fno-sized-deallocation -DSTEP -DAP203 -DAP214 -std=c++17 -D_XOPEN_SOURCE=600 -DPOSIX -DUNX -DLNX64 -D_GLIBCXX_USE_CXX11_ABI=0 -DNO_DOT_H -fmessage-length=0 -Wformat=2 -Wmissing-format-attribute"/>
</ProjectInfo>
